<modification>
	<code>Sphinx Search</code>
   	<name>Sphinx Search</name>
   	<version>1.2.3</version>
   	<author><![CDATA[<font color="#FF6B00"><b>Iverest EOOD</b></font>]]></author>
   	<link>http://www.iverest.com</link>
        
   	<file path="admin/model/catalog/product.php">
        <operation>
            <search><![CDATA[$product_id = $this->db->getLastId();]]></search>
            <add position="after"><![CDATA[
           	$this->load->model('catalog/sphinxsearch');
           	$this->model_catalog_sphinxsearch->sphinxProduct($product_id, $data);
            ]]></add>
        </operation>
        
    	<operation>
            <search><![CDATA[$this->db->query("UPDATE " . DB_PREFIX . "product SET model = '" . $this->db->escape($data['model']) ]]></search>
            <add position="after"><![CDATA[
           	$this->load->model('catalog/sphinxsearch');
           	$this->model_catalog_sphinxsearch->sphinxProduct($product_id, $data);
            ]]></add>
        </operation>
    
    	<!-- Delete product from rt index -->
        <operation>
            <search><![CDATA[this->db->query("DELETE FROM " . DB_PREFIX . "review WHERE product_id = '" . (int)$product_id . "'");]]></search>
            <add position="after"><![CDATA[
            if(!$this->config->get('sphinx_config_index_type')) {
           		return;
           	}
            
            $this->load->model('catalog/sphinxsearch');
            $this->model_catalog_sphinxsearch->delete('products', $product_id);
            ]]></add>
        </operation>
    </file>
	
    <file path="catalog/controller/product/search.php">
        <operation>
            <search><![CDATA[$data['entry_description'] = $this->language->get('entry_description');]]></search>
            <add position="after"><![CDATA[
            $data['entry_suggestion'] = $this->language->get('entry_suggestion');
            ]]></add>
        </operation>
        
        <operation>
            <search><![CDATA[$product_total = $this->model_catalog_product->getTotalProducts($filter_data);]]></search>
            <add position="replace"><![CDATA[
            
            ]]></add>
        </operation>
        
        <operation>
            <search><![CDATA[$results = $this->model_catalog_product->getProducts($filter_data);]]></search>
            <add position="replace"><![CDATA[
            
            if ($this->config->get('sphinx_search_module')) {
                $this->load->model('catalog/sphinx');
                
                $wildcard = false;
                
                if (isset($this->request->get['wildcard'])) {
                    $wildcard = (bool) $this->request->get['wildcard'];
                }
                
                // Search and import result keys to variable space ($product_total and $results);
                $sphinxResult = $this->model_catalog_sphinx->search($filter_data, null, $wildcard);
                extract($sphinxResult);

                // Nothing found! Try to make search suggestions / corrections
                if ($product_total == 0) {
                    $data['search_suggestion'] = $this->model_catalog_sphinx->buildSuggestion($filter_data['filter_name'], $lastQueryKeywords);
                    
                    $query_string = 'search';
					$version = (!defined('VERSION')) ? 140 : (int)substr(str_replace('.', '', VERSION), 0, 3);
					if ($version < 150) { $query_string = 'keyword'; }
					if ($version < 155) { $query_string = 'filter_name'; }
					
					$data['suggestion_link'] = $this->url->link('product/search', $query_string.'='.$data['search_suggestion']);	
                }
                
            } else {
                $product_total = $this->model_catalog_product->getTotalProducts($filter_data);
                $results = $this->model_catalog_product->getProducts($filter_data);
            }
            ]]></add>
        </operation>
    </file>
    
    <file path="catalog/language/en-gb/product/search.php">
        <operation>
            <search><![CDATA[$_['entry_description'] = 'Search in product descriptions';]]></search>
            <add position="after"><![CDATA[
           	$_['entry_suggestion']	= 'Did you mean';
            ]]></add>
        </operation>
    </file>
	
    <file path="catalog/view/theme/*/template/common/header.tpl">
		<operation>
			<search><![CDATA[</head>]]></search>
			<add position="before" trim="true"><![CDATA[
				<link rel="stylesheet" type="text/css" href="catalog/view/theme/default/stylesheet/sphinxAutocomplete.css">
				<?php echo $sphinx_autocomplete_js; ?>
			]]></add>
		</operation>
	</file>
	
	<file path="catalog/controller/common/header.php">
		<operation>
			<search><![CDATA[$data['cart'] = $this->load->controller('common/cart');]]></search>
			<add position="after"><![CDATA[
			$data['sphinx_autocomplete_js'] = $this->load->controller('extension/module/sphinxautocomplete/sphinx_autocomplete_js');
			]]></add>
		</operation>
	</file>
	
	<file path="catalog/view/theme/*/template/product/search.tpl">
		<operation>
			<search><![CDATA[<?php echo $text_empty; ?>]]></search>
			<add position="replace"><![CDATA[
			    <?php
			    	echo $text_empty;
			    	if(isset($search_suggestion) && $search_suggestion != '') {
			    ?>
			    		<div class="sphinx-suggestion"><?php echo $entry_suggestion; ?> <a href="<?php echo $suggestion_link; ?>"><?php echo $search_suggestion; ?></a>?</div>
			    <?php
			    	}
			    ?>
			]]></add>
		</operation>
		
		<operation>
			<search><![CDATA[location = url;]]></search>
			<add position="before"><![CDATA[
				if(window.location.href.indexOf("wildcard") > -1) {
			       url += '&wildcard=true';
			    }
			]]></add>
		</operation>
	</file>
	
	<file path="catalog/controller/product/category.php">
        <operation>
            <search><![CDATA[$product_total = $this->model_catalog_product->getTotalProducts($filter_data);]]></search>
            <add position="replace" index="2"><![CDATA[
            
            ]]></add>
        </operation>
        
        <operation>
            <search><![CDATA[$results = $this->model_catalog_product->getProducts($filter_data);]]></search>
            <add position="replace"><![CDATA[
            if ($this->config->get('sphinx_search_module') && $this->config->get('sphinx_category_status')) {
                $this->load->model('catalog/sphinx');
                
                // Search and import result keys to variable space ($product_total and $results);
                $sphinxResult = $this->model_catalog_sphinx->search($filter_data);
                extract($sphinxResult);
            } else {
                $product_total = $this->model_catalog_product->getTotalProducts($filter_data);
                $results = $this->model_catalog_product->getProducts($filter_data);
            }
            ]]></add>
        </operation>	
		
		<operation>
			<search><![CDATA[if ($result['image']) {]]></search>
			<add position="before" offset="1"><![CDATA[
			if(!empty($results)) {
			]]></add>
		</operation>
		
		<operation>
			<search><![CDATA['rating'      => $result['rating'],]]></search>
			<add position="after" offset="3"><![CDATA[
			}
			]]></add>
		</operation>
	</file>
	
	<file path="catalog/model/catalog/product.php">
        <operation>
            <search><![CDATA[$query = $this->db->query("SELECT DISTINCT *, pd.name AS name, p.image, m.name AS manufacturer, (SELECT price FROM " . DB_PREFIX . "product_discount pd2 WHERE pd2.product_id = p.product_id AND pd2.customer_group_id = '" . (int)$this->config->get('config_customer_group_id') . "' AND pd2.quantity = '1' AND ((pd2.date_start = '0000-00-00' OR pd2.date_start < NOW()) AND (pd2.date_end = '0000-00-00' OR pd2.date_end > NOW())) ORDER BY pd2.priority ASC, pd2.price ASC LIMIT 1) AS discount, (SELECT price FROM " . DB_PREFIX . "product_special ps WHERE ps.product_id = p.product_id AND ps.customer_group_id = '" . (int)$this->config->get('config_customer_group_id') . "' AND ((ps.date_start = '0000-00-00' OR ps.date_start < NOW()) AND (ps.date_end = '0000-00-00' OR ps.date_end > NOW())) ORDER BY ps.priority ASC, ps.price ASC LIMIT 1) AS special, (SELECT points FROM " . DB_PREFIX . "product_reward pr WHERE pr.product_id = p.product_id AND pr.customer_group_id = '" . (int)$this->config->get('config_customer_group_id') . "') AS reward, (SELECT ss.name FROM " . DB_PREFIX . "stock_status ss WHERE ss.stock_status_id = p.stock_status_id AND ss.language_id = '" . (int)$this->config->get('config_language_id') . "') AS stock_status, (SELECT wcd.unit FROM " . DB_PREFIX . "weight_class_description wcd WHERE p.weight_class_id = wcd.weight_class_id AND wcd.language_id = '" . (int)$this->config->get('config_language_id') . "') AS weight_class, (SELECT lcd.unit FROM " . DB_PREFIX . "length_class_description lcd WHERE p.length_class_id = lcd.length_class_id AND lcd.language_id = '" . (int)$this->config->get('config_language_id') . "') AS length_class, (SELECT AVG(rating) AS total FROM " . DB_PREFIX . "review r1 WHERE r1.product_id = p.product_id AND r1.status = '1' GROUP BY r1.product_id) AS rating, (SELECT COUNT(*) AS total FROM " . DB_PREFIX . "review r2 WHERE r2.product_id = p.product_id AND r2.status = '1' GROUP BY r2.product_id) AS reviews, p.sort_order FROM " . DB_PREFIX . "product p LEFT JOIN " . DB_PREFIX . "product_description pd ON (p.product_id = pd.product_id) LEFT JOIN " . DB_PREFIX . "product_to_store p2s ON (p.product_id = p2s.product_id) LEFT JOIN " . DB_PREFIX . "manufacturer m ON (p.manufacturer_id = m.manufacturer_id) WHERE p.product_id = '" . (int)$product_id . "' AND pd.language_id = '" . (int)$this->config->get('config_language_id') . "' AND p.status = '1' AND p.date_available <= NOW() AND p2s.store_id = '" . (int)$this->config->get('config_store_id') . "'");]]></search>
            <add position="replace"><![CDATA[
            if((int)$this->config->get('sphinx_search_product_status') != 0) {
				$query = $this->db->query("SELECT DISTINCT *, pd.name AS name, p.image, m.name AS manufacturer, (SELECT price FROM " . DB_PREFIX . "product_discount pd2 WHERE pd2.product_id = p.product_id AND pd2.customer_group_id = '" . (int)$this->config->get('config_customer_group_id') . "' AND pd2.quantity = '1' AND ((pd2.date_start = '0000-00-00' OR pd2.date_start < NOW()) AND (pd2.date_end = '0000-00-00' OR pd2.date_end > NOW())) ORDER BY pd2.priority ASC, pd2.price ASC LIMIT 1) AS discount, (SELECT price FROM " . DB_PREFIX . "product_special ps WHERE ps.product_id = p.product_id AND ps.customer_group_id = '" . (int)$this->config->get('config_customer_group_id') . "' AND ((ps.date_start = '0000-00-00' OR ps.date_start < NOW()) AND (ps.date_end = '0000-00-00' OR ps.date_end > NOW())) ORDER BY ps.priority ASC, ps.price ASC LIMIT 1) AS special, (SELECT points FROM " . DB_PREFIX . "product_reward pr WHERE pr.product_id = p.product_id AND pr.customer_group_id = '" . (int)$this->config->get('config_customer_group_id') . "') AS reward, (SELECT ss.name FROM " . DB_PREFIX . "stock_status ss WHERE ss.stock_status_id = p.stock_status_id AND ss.language_id = '" . (int)$this->config->get('config_language_id') . "') AS stock_status, (SELECT wcd.unit FROM " . DB_PREFIX . "weight_class_description wcd WHERE p.weight_class_id = wcd.weight_class_id AND wcd.language_id = '" . (int)$this->config->get('config_language_id') . "') AS weight_class, (SELECT lcd.unit FROM " . DB_PREFIX . "length_class_description lcd WHERE p.length_class_id = lcd.length_class_id AND lcd.language_id = '" . (int)$this->config->get('config_language_id') . "') AS length_class, (SELECT AVG(rating) AS total FROM " . DB_PREFIX . "review r1 WHERE r1.product_id = p.product_id AND r1.status = '1' GROUP BY r1.product_id) AS rating, (SELECT COUNT(*) AS total FROM " . DB_PREFIX . "review r2 WHERE r2.product_id = p.product_id AND r2.status = '1' GROUP BY r2.product_id) AS reviews, p.sort_order FROM " . DB_PREFIX . "product p LEFT JOIN " . DB_PREFIX . "product_description pd ON (p.product_id = pd.product_id) LEFT JOIN " . DB_PREFIX . "product_to_store p2s ON (p.product_id = p2s.product_id) LEFT JOIN " . DB_PREFIX . "manufacturer m ON (p.manufacturer_id = m.manufacturer_id) WHERE p.product_id = '" . (int)$product_id . "' AND pd.language_id = '" . (int)$this->config->get('config_language_id') . "' AND p.date_available <= NOW() AND p2s.store_id = '" . (int)$this->config->get('config_store_id') . "'");
            } else {
            	$query = $this->db->query("SELECT DISTINCT *, pd.name AS name, p.image, m.name AS manufacturer, (SELECT price FROM " . DB_PREFIX . "product_discount pd2 WHERE pd2.product_id = p.product_id AND pd2.customer_group_id = '" . (int)$this->config->get('config_customer_group_id') . "' AND pd2.quantity = '1' AND ((pd2.date_start = '0000-00-00' OR pd2.date_start < NOW()) AND (pd2.date_end = '0000-00-00' OR pd2.date_end > NOW())) ORDER BY pd2.priority ASC, pd2.price ASC LIMIT 1) AS discount, (SELECT price FROM " . DB_PREFIX . "product_special ps WHERE ps.product_id = p.product_id AND ps.customer_group_id = '" . (int)$this->config->get('config_customer_group_id') . "' AND ((ps.date_start = '0000-00-00' OR ps.date_start < NOW()) AND (ps.date_end = '0000-00-00' OR ps.date_end > NOW())) ORDER BY ps.priority ASC, ps.price ASC LIMIT 1) AS special, (SELECT points FROM " . DB_PREFIX . "product_reward pr WHERE pr.product_id = p.product_id AND pr.customer_group_id = '" . (int)$this->config->get('config_customer_group_id') . "') AS reward, (SELECT ss.name FROM " . DB_PREFIX . "stock_status ss WHERE ss.stock_status_id = p.stock_status_id AND ss.language_id = '" . (int)$this->config->get('config_language_id') . "') AS stock_status, (SELECT wcd.unit FROM " . DB_PREFIX . "weight_class_description wcd WHERE p.weight_class_id = wcd.weight_class_id AND wcd.language_id = '" . (int)$this->config->get('config_language_id') . "') AS weight_class, (SELECT lcd.unit FROM " . DB_PREFIX . "length_class_description lcd WHERE p.length_class_id = lcd.length_class_id AND lcd.language_id = '" . (int)$this->config->get('config_language_id') . "') AS length_class, (SELECT AVG(rating) AS total FROM " . DB_PREFIX . "review r1 WHERE r1.product_id = p.product_id AND r1.status = '1' GROUP BY r1.product_id) AS rating, (SELECT COUNT(*) AS total FROM " . DB_PREFIX . "review r2 WHERE r2.product_id = p.product_id AND r2.status = '1' GROUP BY r2.product_id) AS reviews, p.sort_order FROM " . DB_PREFIX . "product p LEFT JOIN " . DB_PREFIX . "product_description pd ON (p.product_id = pd.product_id) LEFT JOIN " . DB_PREFIX . "product_to_store p2s ON (p.product_id = p2s.product_id) LEFT JOIN " . DB_PREFIX . "manufacturer m ON (p.manufacturer_id = m.manufacturer_id) WHERE p.product_id = '" . (int)$product_id . "' AND pd.language_id = '" . (int)$this->config->get('config_language_id') . "' AND p.status = '1' AND p.date_available <= NOW() AND p2s.store_id = '" . (int)$this->config->get('config_store_id') . "'");
            }
            ]]></add>
        </operation>
		
		<operation>
            <search><![CDATA[$sql .= " LEFT JOIN " . DB_PREFIX . "product_description pd ON (p.product_id = pd.product_id) LEFT JOIN " . DB_PREFIX . "product_to_store p2s ON (p.product_id = p2s.product_id) WHERE pd.language_id = '" . (int)$this->config->get('config_language_id') . "' AND p.status = '1' AND p.date_available <= NOW() AND p2s.store_id = '" . (int)$this->config->get('config_store_id') . "'";]]></search>
            <add position="replace"><![CDATA[
            if((int)$this->config->get('sphinx_search_product_status') != 0) {
				$sql .= " LEFT JOIN " . DB_PREFIX . "product_description pd ON (p.product_id = pd.product_id) LEFT JOIN " . DB_PREFIX . "product_to_store p2s ON (p.product_id = p2s.product_id) WHERE pd.language_id = '" . (int)$this->config->get('config_language_id') . "' AND p.quantity >= '" . (int)$this->config->get('sphinx_search_products_quantity') . "' AND p.date_available <= NOW() AND p2s.store_id = '" . (int)$this->config->get('config_store_id') . "'";
            } else {
            	$sql .= " LEFT JOIN " . DB_PREFIX . "product_description pd ON (p.product_id = pd.product_id) LEFT JOIN " . DB_PREFIX . "product_to_store p2s ON (p.product_id = p2s.product_id) WHERE pd.language_id = '" . (int)$this->config->get('config_language_id') . "' AND p.status = '1' AND p.date_available <= NOW() AND p2s.store_id = '" . (int)$this->config->get('config_store_id') . "'";
            }
            ]]></add>
        </operation>
	</file>
	
	<!-- Models -->
	<file path="admin/model/catalog/category.php">
		<!-- Insert category to rt index -->
    	<operation>
            <search><![CDATA[$category_id = $this->db->getLastId();]]></search>
            <add position="after"><![CDATA[
            $this->load->model('catalog/sphinxsearch');
            $this->model_catalog_sphinxsearch->sphinxCategory($category_id, $data);
            ]]></add>
        </operation>
    	
        <!-- Update category in rt index -->
        <operation>
           	<search><![CDATA[$this->db->query("UPDATE " . DB_PREFIX . "category SET parent_id = '" . (int)$data['parent_id']]]></search>
            <add position="after"><![CDATA[
            $this->load->model('catalog/sphinxsearch');
            $this->model_catalog_sphinxsearch->sphinxCategory($category_id, $data);
            ]]></add>
        </operation>
    
    	<!-- Delete category from rt index -->
        <operation>
            <search><![CDATA[$this->db->query("DELETE FROM " . DB_PREFIX . "category WHERE category_id = '" . (int)$category_id . "'");]]></search>
            <add position="after"><![CDATA[
            if(!$this->config->get('sphinx_config_index_type')) {
           		return;
           	}
            
            $this->load->model('catalog/sphinxsearch');
            $this->model_catalog_sphinxsearch->delete('categories', $category_id);
            ]]></add>
        </operation>
	</file>
  
</modification>